experiment_id,model.d_model,model.d_ff,model.num_layers,model.num_heads,training.train_steps,model_size_params,training_tokens,batch_size,iterations,train_loss,valid_loss
1,704,2048,9,11,1120,56770560,293601280,262144,1120,3.187,2.9511842970278863
2,640,1792,8,10,1565,40632320,410255360,262144,1565,3.0796,2.826378590284573
3,576,1536,7,9,2281,27869184,597950464,262144,2281,3.1065,2.736298184727658
4,512,1472,6,8,3202,19857408,839385088,262144,3202,2.8239,2.681913272586432
5,448,1344,6,7,4061,15654912,1064566784,262144,4061,2.9237,2.6637178683545337
